customer_id,fname,lname,email,address,phone_number,password,role
0,Jenny,Smith,jenn@gmail.com,"123 Main Streat, Anytown, USA",2136670,zx_nm@jenn,buyer
1,Aaron,Davis,aaron@usc.edu,"124 Any Ave, Anytown, USA",2148779,aar_davis2001,buyer
2,Jack,Taylor,jack@usc.edu,"333 Any Ave, Anytown, USA",2450989,jt_1998!,buyer
3,Ben,Smith,ben@gmail.com,"126 Main Streat, Anytown, BRA",6968673,bens@jyw,buyer
4,Karen,Aaron,kar245@gmail.com,"289 Main Streat, Anytown, USA",2359104,k_aaron,buyer
5,Jessie,West,jess@usc.edu,"143 Random Streat, Anytown, CAN",3491774,jessW2002,buyer
6,Mia,Lorence,mia@gmail.com,"123 Garden Ave, CA, USA",5719730,ml123,buyer
7,Megan,Chang,greenwilliam@yahoo.com,"PSC 4759, Box 3824, APO AE 99565",7732893,zRe9_ZioC@,buyer
8,Tammy,Woods,trujilloana@gmail.com,"097 Sanchez Islands Apt. 393, Port Tammy, ND 59217",7028916,z@A91CuqlK,buyer
9,Lauren,Stewart,ivan20@zavala.com,"86848 Melissa Springs, Rileymouth, TN 84543",4860483,+5Ck5g(4kC,buyer
10,Brandon,Berry,martinezjacob@wilson.com,"21730 Amy River, Port Jordanbury, SD 39961",8051945,^#6F2bgot0,buyer
11,Alyssa,Wilson,alexandermaldonado@hotmail.com,"564 Ann Bridge Suite 150, Dennisfort, RI 38233",2928866,_)Ahn^Su+5,buyer
12,Richard,Miles,martincaleb@hotmail.com,"900 Nguyen Villages Suite 063, Port Jessicatown, TX 55221",4021149,^0mR*(Ga8y,buyer
13,Joshua,Chavez,dennis85@wiggins.com,"485 Mays Vista, Port Karafort, SD 60619",5803308,1F6_LrF&j_,buyer
14,Ralph,Kelley,woodsjohn@gmail.com,"6546 Cory Orchard, Rogersmouth, NJ 15706",3111573,+7sNYFbZ%&,buyer
15,Phillip,Stone,tkramer@hotmail.com,"3492 Lee Crescent, Port Michelletown, NC 59694",3467378,H33w3_DpS_,buyer
16,Danielle,Henderson,martha73@hotmail.com,"55508 Nancy Rapids, Port Nicholas, VT 93086",3325914,Qt%)A1Zc*q,buyer
17,Rachel,Shaw,burgessrebecca@roberts.biz,"9930 Joy Hollow Suite 517, Sherriport, MT 50853",7512274,&50CvFurW&,buyer
18,Cheryl,Hughes,ruizedward@george.com,"67109 Mendez Junction Apt. 942, Lloydville, WY 25290",9449473,hlkO$vNs!6,buyer
19,Holly,Fisher,thomaspatricia@yahoo.com,"PSC 1611, Box 6207, APO AA 90471",4703828,&0Pk#D!ym^,buyer
20,Julie,Carter,michelelopez@woods.com,"5744 White Common, New Beverlyburgh, FL 16915",9778127,515bQWhd)$,buyer
21,Dana,Miller,dana80@yahoo.com,"573 Carter Mountains Apt. 214, New Catherineberg, UT 58980",3337383,&6LY_MZn32,buyer
22,Kenneth,Mack,rogerpotter@gmail.com,"640 Joseph Skyway, North Jonathanhaven, OR 93557",5136979,6&7DW#xADR,buyer
23,Michelle,Campbell,amandajenkins@stephens.com,"221 Patrick Ramp Suite 284, Crystalchester, NJ 64576",7585582,p8Ah$XKM+!,buyer
24,Michael,Wilson,morgan43@walton.com,"562 Fisher Spur Suite 272, Davidburgh, MI 51471",8324875,427MxG5&1&,buyer
25,Cheyenne,Bush,robert08@hotmail.com,"USCGC Carpenter, FPO AA 33891",1929237,7$07aGkkx+,buyer
26,Curtis,Andrade,amanda54@gmail.com,"1385 Mary Glen, Larryfurt, NJ 45581",7449125,v+3B$ljM(&,buyer
27,Scott,Jones,lwilliams@gmail.com,"5561 Bishop Turnpike, Lake Kenneth, NY 79756",4203677,8iXe0IUr*!,buyer
28,Paul,Nelson,emilywarner@hotmail.com,"84535 Mitchell Extension, Port Alexis, MD 48602",2562871,q+)0_ZeOix,buyer
29,Charlotte,Anderson,jensenanthony@hotmail.com,"0382 Lamb Street Suite 851, Derrickfurt, ID 41974",6055855,gfxDKBa7%6,buyer
30,Jessica,Hernandez,bburton@williams.com,"6237 Thomas Inlet, Lake Mark, WA 54061",4130515,RiNeiT)w&0,buyer
31,Mark,Larsen,sonyafrye@newton.net,"9197 Christina Canyon, Matthewfurt, SC 05261",8170546,1LP0LClj*R,buyer
32,Kendra,Duncan,bryantjennifer@yahoo.com,"40494 Kathryn Path, Paulview, DE 74692",6581427,fcEt^3SvmT,buyer
33,Caroline,Archer,ashleyramos@noble-fry.info,"PSC 4931, Box 8642, APO AP 22764",4179856,vYS2Sd@j@8,buyer
34,Janice,Reynolds,bradyeric@miles.info,"USCGC Fields, FPO AE 02557",9352422,2EdFgU5v^8,buyer
35,Patty,Patrick,frankmclean@walters-shepard.com,"514 Travis Track Suite 366, Rowefurt, AZ 76875",3959662,S5mHu_&e*^,buyer
36,Leonard,Skinner,philip24@lambert-larson.biz,"22708 Madison Spurs, Herringstad, OR 11353",8393490,@7F67vz+i8,buyer
37,Arthur,Todd,deborahbryant@burnett.com,"8081 Smith Trail, North Ronaldstad, NV 44515",2668864,&BLg@ruI%8,buyer
38,Michael,Conley,wbrown@winters.org,"2074 Stacy Circles Suite 110, Andrewfurt, UT 86147",8520025,!5O^$Okz7Z,buyer
39,Eric,Black,smithmatthew@hotmail.com,"23950 Benjamin Road, Williamsbury, LA 43567",6261748,#JLTGh+V3f,buyer
40,Adam,Williams,kimberlynunez@french-barnes.org,"PSC 5325, Box 8386, APO AE 17513",1753368,9JKMVlZH&n,buyer
41,Cassandra,Chan,billy56@rodriguez.biz,"661 Munoz Estates Apt. 576, New Samantha, LA 66503",1289809,5iYhLweV@Y,buyer
42,Evelyn,Adams,dennis19@martin-jordan.biz,"8822 Jared Forks, New Derekfort, RI 96954",5273099,lto5V+dx%_,buyer
43,Nicole,Riddle,gfry@yahoo.com,"Unit 6122 Box 0998, DPO AE 91838",8663232,W_7g03#uET,buyer
44,Heather,Estrada,annawilcox@deleon.com,"693 Erickson Lodge, Andrewberg, MS 22958",4931797,u&*C9LBmnO,buyer
45,Jerry,Diaz,stephenrivers@yahoo.com,"147 Lisa Hill Apt. 512, Port Elizabethshire, ID 01425",6291847,!Od6RqDw!4,buyer
46,Michael,Friedman,jonesashley@gmail.com,"34375 Cruz Curve Apt. 658, Perezstad, MI 57113",8005654,i%q59LMy1w,buyer
47,Theresa,Marshall,emmashaw@yahoo.com,"75636 Barbara Canyon, Davisborough, MD 23906",4152904,@5$Z!(Wv2w,buyer
48,Meghan,Jones,jeremyperry@aguirre-graham.biz,"Unit 0940 Box 9555, DPO AP 59996",6061376,&2eTdXqG_a,buyer
49,Anita,Steele,hicksseth@gmail.com,"64619 Wilkins Wall Apt. 735, Rowechester, NV 95320",1982789,j85MyKEN!+,buyer
50,Sarah,Mccoy,moorebenjamin@trujillo.com,"60583 White Plains, Hernandezfort, TN 75308",1022088,59oTO$bK$4,buyer
51,Nicole,Morgan,nathanbridges@kim.info,"26783 Padilla Brooks, Clarkchester, OK 54423",3279198,xbR3AUaWg(,buyer
52,Larry,Mcgee,matthewssusan@hernandez-green.org,"6853 Walls Cape, West Courtney, NM 08797",2256986,G((W7Nk#e6,buyer
53,Kelly,Jensen,morganandrea@odonnell.com,"98614 Abigail Wall Apt. 708, West Colin, VT 28939",8786609,3hM7gDzp#n,buyer
54,Christopher,Weiss,austin90@yahoo.com,"438 Grimes Corners, Shawchester, CO 78301",2899175,5KdFjZ7q*B,buyer
55,Melissa,Schwartz,carla66@aguilar-king.com,"PSC 8771, Box 6528, APO AE 30780",7617471,+Ans7@Ma)6,buyer
56,Frank,Eaton,johnwalker@yahoo.com,"480 Jesse View, Schaeferburgh, WV 73897",8455186,hQ9VpefM#2,buyer
57,Paul,Fox,melissapatel@smith.com,"465 Scott Club Apt. 933, Port Melissahaven, CA 91349",7496985,3iOYw!_b*x,buyer
58,Timothy,Gross,tmorgan@taylor-cardenas.com,"9684 Jacob Forge Suite 828, Port Carla, ND 66864",1391255,_L7KixL^2*,buyer
59,Christine,Solomon,albert00@hotmail.com,"PSC 2436, Box 7551, APO AP 57115",5566452,@REYu2f1@0,buyer
60,Rebecca,Brown,waynebarnes@schultz-sims.org,"2547 Lynch Isle, Paulaland, WV 21417",4044399,e@8+Iicrj(,buyer
61,Glenda,Garcia,joshua15@hotmail.com,"09021 Cruz Orchard, West Crystalberg, UT 51886",5287220,9IX#WHTh_s,buyer
62,Ann,Winters,mariahray@adams-lewis.com,"104 Kendra Village, North Stephanie, WA 42879",4048127,%56CNRSy#H,buyer
63,Rebecca,Thomas,eddie12@gmail.com,"184 Bell Shores, Moralesmouth, TN 82072",2832438,h#GLDP6^*8,buyer
64,April,Rodriguez,bernard52@adams-webb.biz,"752 Kathleen Neck, Port Paul, TX 76557",6312655,LY3AXBwJ*q,buyer
65,Miguel,Phillips,sydney89@dunlap-allen.com,"3248 Amanda Station, South Timothyburgh, MI 79830",8172574,s182RB@p$n,buyer
66,Walter,Barker,melinda60@gmail.com,"49874 Farrell Orchard Suite 311, New Veronicashire, MA 96567",4272451,@kmShVG))1,buyer
67,Kenneth,Kerr,davidperez@kramer-thomas.org,"62390 Medina Neck, Port Lisa, CO 94903",1990583,kg+93W!iN$,buyer
68,Leslie,Ibarra,emma31@henry-gomez.org,"Unit 3486 Box 1261, DPO AP 85920",6892947,8t_7gEwg@y,buyer
69,Marissa,Price,kelseymarquez@hotmail.com,"9789 Clark Ford, Fritzville, MO 16439",7805531,07XWIrSQ(u,buyer
70,James,Ray,qhancock@hotmail.com,"5303 Lewis Springs, Port Adrian, NH 62346",9099083,9@9Iequ)OX,buyer
71,Sandra,Allen,hcampbell@wood.com,"3348 Curtis Street, Fosterberg, CA 38222",8062847,2OQ_U7gv_t,buyer
72,Kent,Harrison,deborah11@sanchez-williams.org,"948 Martin Road Apt. 982, Santosbury, IN 19315",7711095,+pxoVVy**9,buyer
73,Jeanette,Thomas,reedjonathan@yahoo.com,"3319 John Pike, South Luis, AL 33332",4885963,y&9aQrAKZ5,buyer
74,Shannon,Hughes,welchkelsey@hotmail.com,"9983 Mary Grove Apt. 643, Beardview, MO 17895",8058282,d)7ImafBf2,buyer
75,Michael,Le,wthompson@yahoo.com,"9118 Anderson Bridge Suite 736, South Brianport, GA 40002",3668753,bC8!DCor%U,buyer
76,Richard,Garcia,jenny48@mason.com,"031 Sean Expressway Suite 427, New Nicholasville, ME 11362",3663849,f4Z6GiZ!_w,buyer
77,Lee,Fuller,melvin22@gmail.com,"PSC 5057, Box 9430, APO AE 60700",5925821,mFW8#IMgK+,buyer
78,Victoria,Keller,jared60@hotmail.com,"039 Decker Way Suite 784, North Christopherfurt, MT 50435",4352782,xSYZJ+bp_3,buyer
79,Mike,Barnes,benjamin77@jones-perez.com,"522 Wiley Trail, East Sherryton, SD 23961",4388467,!1HBV+nsa8,seller
80,Lori,Rivera,browndebra@yahoo.com,"483 Liu Manors Apt. 015, West Kyletown, RI 06150",3982266,a9@g)*Fp#2,seller
81,Jessica,Jackson,melissablair@dixon-miller.net,"USNS Davis, FPO AA 49228",3711588,5HRT&wox(v,seller
82,Jonathan,Maldonado,jacobpoole@webb.com,"553 Walter Park, Lake John, SC 15671",4848914,3*LuzEZ5)i,seller
83,Julie,Adams,deborah04@rios.com,"73999 Ricky Via, West Adamburgh, HI 53524",8188511,$9Sp2RgVxx,seller
84,Michael,Castillo,aduran@melton.biz,"66734 Jacqueline Estate, West Rhondaburgh, FL 33307",9858501,#JRIM6Bq6W,seller
85,Robert,Simon,sanfordrobert@gmail.com,"USNV Marquez, FPO AE 04343",2565442,S*6RsUlhW3,seller
86,Kristina,Chavez,cstewart@hendrix.com,"58468 Kristopher Curve, East Caleb, ID 06303",6362933,U!YT7PE)Mc,seller
87,Diane,Davies,kayleesandoval@yahoo.com,"64767 Thomas Valleys, Port Roger, ID 35580",1106003,El26MODk+@,seller
88,Christopher,Stewart,elaine11@yahoo.com,"5034 Geoffrey Point Apt. 731, Peggyville, MS 98047",7780353,be@6Onp&&U,seller
89,Amanda,Park,deborahpowell@gmail.com,"PSC 1385, Box 7158, APO AA 40122",9810017,045)iEEl*0,seller
90,Michelle,Lawrence,kim09@hotmail.com,"3881 Gonzales Creek, South Alyssahaven, RI 74268",6170004,k6Nz_foy(_,seller
91,Kathy,Rodriguez,elizabeth10@gmail.com,"8956 Philip Canyon Apt. 907, South Ericborough, OR 83879",3398568,#jLQ5YiAkC,seller
92,Jason,Blankenship,richard22@yahoo.com,"314 Brenda Ferry, Martinezbury, HI 15735",7192384,g&8&vBTwF!,seller
93,Patricia,Harris,gmorrison@barnes.com,"USNS Thompson, FPO AP 35328",6167511,z%*&!5KoCF,seller
94,Trevor,Sanchez,martin18@acevedo-smith.org,"895 Kirk Square, Port Perryview, LA 04320",1531475,&)ZCoOKXt0,seller
95,Lindsay,Moore,ikane@hotmail.com,"2859 Lisa Course Apt. 137, North Laura, MA 35144",4629561,thw9KIoih^,seller
96,Stephanie,Hart,gregorymoran@gmail.com,"6244 Michelle Burgs, Port Jacobfurt, CO 10576",8062170,_BL9H*0riV,seller
97,Amanda,Snyder,wheelergeorge@gonzalez.org,"095 Kline Turnpike Apt. 940, Gomezmouth, WI 45848",2069309,EfSWm!5e@4,seller
98,Carlos,Frank,andersonpatrick@gross.net,"6426 Ellen Roads, Stonehaven, MI 78600",5463406,PY02Np2#($,seller
99,Jennifer,Hill,shermantheresa@yahoo.com,"66287 Ellison Row Apt. 386, Walkerland, DE 20592",1579055,(XZ4AS6kF#,seller